Coverage,Mode,Precision,Recall
0.8727530747398297,MC Dropout,0.020±0.017,0.005±0.005
0.8727530747398297,No Dropout,0.074±0.006,0.035±0.003
