{
    "seed": 42,
    "mode": "no_dropout",
    "AUROC": 0.4221076385676087,
    "PR_AUC": 0.08856569284966878,
    "thresholds": {
        "percentile": 2.590120315551758,
        "roc_optimal": 3.2275946140289307,
        "risk_based": 2.590120315551758
    },
    "threshold_metrics": {
        "percentile": {
            "precision": 0.06619385342789598,
            "recall": 0.031180400890868598,
            "f1": 0.04239212717638153,
            "false_alarm_rate": 0.05226250330775337,
            "detection_delay_mean": 98.0,
            "missed_events": 2,
            "total_events": 3
        },
        "roc_optimal": {
            "precision": 0.14655172413793102,
            "recall": 0.01893095768374165,
            "f1": 0.03353057199211045,
            "false_alarm_rate": 0.013098703360677429,
            "detection_delay_mean": 123.0,
            "missed_events": 2,
            "total_events": 3
        },
        "risk_based": {
            "precision": 0.06619385342789598,
            "recall": 0.031180400890868598,
            "f1": 0.04239212717638153,
            "false_alarm_rate": 0.05226250330775337,
            "detection_delay_mean": 98.0,
            "missed_events": 2,
            "total_events": 3
        }
    }
}