{
    "seed": 1,
    "mode": "mc_dropout",
    "AUROC": 0.43273407254131524,
    "PR_AUC": 0.0899182595132199,
    "thresholds": {
        "percentile": 2.539222538471222,
        "roc_optimal": 3.1504769325256348,
        "risk_based": 2.5542649509152398
    },
    "threshold_metrics": {
        "percentile": {
            "precision": 0.08274231678486997,
            "recall": 0.03897550111358575,
            "f1": 0.05299015897047691,
            "false_alarm_rate": 0.05133633236305901,
            "detection_delay_mean": 97.0,
            "missed_events": 2,
            "total_events": 3
        },
        "roc_optimal": {
            "precision": 0.13821138211382114,
            "recall": 0.01893095768374165,
            "f1": 0.03330068560235064,
            "false_alarm_rate": 0.014024874305371792,
            "detection_delay_mean": 123.0,
            "missed_events": 2,
            "total_events": 3
        },
        "risk_based": {
            "precision": 0.0748792270531401,
            "recall": 0.034521158129175944,
            "f1": 0.04725609756097561,
            "false_alarm_rate": 0.05067478168827732,
            "detection_delay_mean": 97.0,
            "missed_events": 2,
            "total_events": 3
        }
    }
}