{
    "seed": 3,
    "mode": "no_dropout",
    "AUROC": 0.4160808235171393,
    "PR_AUC": 0.08712645278961216,
    "thresholds": {
        "percentile": 2.5628693103790283,
        "roc_optimal": 3.1688363552093506,
        "risk_based": 2.5628693103790283
    },
    "threshold_metrics": {
        "percentile": {
            "precision": 0.06619385342789598,
            "recall": 0.031180400890868598,
            "f1": 0.04239212717638153,
            "false_alarm_rate": 0.05226250330775337,
            "detection_delay_mean": 97.0,
            "missed_events": 2,
            "total_events": 3
        },
        "roc_optimal": {
            "precision": 0.14166666666666666,
            "recall": 0.01893095768374165,
            "f1": 0.03339882121807466,
            "false_alarm_rate": 0.013627943900502778,
            "detection_delay_mean": 124.0,
            "missed_events": 2,
            "total_events": 3
        },
        "risk_based": {
            "precision": 0.06619385342789598,
            "recall": 0.031180400890868598,
            "f1": 0.04239212717638153,
            "false_alarm_rate": 0.05226250330775337,
            "detection_delay_mean": 97.0,
            "missed_events": 2,
            "total_events": 3
        }
    }
}