{
    "seed": 2,
    "mode": "no_dropout",
    "AUROC": 0.4237050108706478,
    "PR_AUC": 0.08887416570750582,
    "thresholds": {
        "percentile": 2.5233684182167053,
        "roc_optimal": 3.0768656730651855,
        "risk_based": 2.5233684182167053
    },
    "threshold_metrics": {
        "percentile": {
            "precision": 0.07801418439716312,
            "recall": 0.036748329621380846,
            "f1": 0.04996214988644966,
            "false_alarm_rate": 0.05160095263297169,
            "detection_delay_mean": 97.0,
            "missed_events": 2,
            "total_events": 3
        },
        "roc_optimal": {
            "precision": 0.13533834586466165,
            "recall": 0.0200445434298441,
            "f1": 0.03491755577109602,
            "false_alarm_rate": 0.01521566551997883,
            "detection_delay_mean": 124.0,
            "missed_events": 2,
            "total_events": 3
        },
        "risk_based": {
            "precision": 0.07801418439716312,
            "recall": 0.036748329621380846,
            "f1": 0.04996214988644966,
            "false_alarm_rate": 0.05160095263297169,
            "detection_delay_mean": 97.0,
            "missed_events": 2,
            "total_events": 3
        }
    }
}