{
    "seed": 42,
    "mode": "mc_dropout",
    "AUROC": 0.42223449717139205,
    "PR_AUC": 0.08861129571907728,
    "thresholds": {
        "percentile": 2.5885385274887085,
        "roc_optimal": 3.203364849090576,
        "risk_based": 2.6003959424677308
    },
    "threshold_metrics": {
        "percentile": {
            "precision": 0.06619385342789598,
            "recall": 0.031180400890868598,
            "f1": 0.04239212717638153,
            "false_alarm_rate": 0.05226250330775337,
            "detection_delay_mean": 98.0,
            "missed_events": 2,
            "total_events": 3
        },
        "roc_optimal": {
            "precision": 0.14285714285714285,
            "recall": 0.01893095768374165,
            "f1": 0.03343166175024582,
            "false_alarm_rate": 0.01349563376554644,
            "detection_delay_mean": 123.0,
            "missed_events": 2,
            "total_events": 3
        },
        "risk_based": {
            "precision": 0.06779661016949153,
            "recall": 0.031180400890868598,
            "f1": 0.04271548436308162,
            "false_alarm_rate": 0.050939401958189995,
            "detection_delay_mean": 98.0,
            "missed_events": 2,
            "total_events": 3
        }
    }
}